imdb_id,wiki_budget,new_budget,currency_unit,final_budget
tt3950078,US$35 Million,35,1,35000000
tt0099581,US$35 Million,35,1,35000000
tt1440292,US$35 Million,35,1,35000000
tt0456020,US$35 Million,35,1,35000000
tt1286798,US$35 Million,35,1,35000000
tt0093407,US$35 Million,35,1,35000000
tt0050468,"$25,000[1]",25000,1,25000
tt2062996,"$25,000[1]",25000,1,25000
tt4044364,"$25,000[1]",25000,1,25000
tt0772193,"$25,000[1]",25000,1,25000
tt0091557,"$25,000[1]",25000,1,25000
tt0099762,"$25,000[1]",25000,1,25000
tt0018455,"$30,000[1]",30000,1,30000
tt1590125,"$30,000[1]",30000,1,30000
tt0457419,"$30,000[1]",30000,1,30000
tt0088006,"$30,000[1]",30000,1,30000
tt1587707,"$30,000[1]",30000,1,30000
tt1322264,"<U+20B9>70,000–150,000[c] (US$14,600–31,300)[d]",70000,1,70000
tt0100263,"<U+20B9>70,000–150,000[c] (US$14,600–31,300)[d]",70000,1,70000
tt1533013,"<U+20B9>70,000–150,000[c] (US$14,600–31,300)[d]",70000,1,70000
tt0088851,"<U+20B9>70,000–150,000[c] (US$14,600–31,300)[d]",70000,1,70000
tt0089841,"<U+20B9>70,000–150,000[c] (US$14,600–31,300)[d]",70000,1,70000
tt3074732,"<U+20B9>70,000–150,000[c] (US$14,600–31,300)[d]",70000,1,70000
tt0093648,$80 000,80000,1,80000
tt1142800,$80 000,80000,1,80000
tt0105682,$80 000,80000,1,80000
tt0249371,$80 000,80000,1,80000
tt0082350,$80 000,80000,1,80000
tt3702996,"$121,000[2]",121000,1,121000
tt2309021,"$121,000[2]",121000,1,121000
tt2870648,"$121,000[2]",121000,1,121000
tt0085154,"$121,000[2]",121000,1,121000
tt1441912,"$121,000[2]",121000,1,121000
tt1092004,"$200,000[1][2]",200000,1,200000
tt0376144,"$200,000[1]",200000,1,200000
tt1204340,"$200,000[1][2]",200000,1,200000
tt0048021,"$200,000[1]",200000,1,200000
tt0094715,"$200,000[1][2]",200000,1,200000
tt0089652,"$200,000[1]",200000,1,200000
tt0081738,"$200,000[1][2]",200000,1,200000
tt0337879,"$200,000[1]",200000,1,200000
tt0488798,"$200,000[1][2]",200000,1,200000
tt0086973,"$200,000[1]",200000,1,200000
tt1707391,"$200,000[1][2]",200000,1,200000
tt4796122,"$200,000[1]",200000,1,200000
tt0473434,"$250,000[1]",250000,1,250000
tt0108260,"$250,000[1]",250000,1,250000
tt0064573,"$250,000[1]",250000,1,250000
tt0092751,"$250,000[1]",250000,1,250000
tt0091836,"$250,000[1]",250000,1,250000
tt2263944,"$250,000[1]",250000,1,250000
tt0095665,"$280,000[1]",280000,1,280000
tt0115697,"$280,000[1]",280000,1,280000
tt3205376,"$280,000[1]",280000,1,280000
tt0080116,"$280,000[1]",280000,1,280000
tt0088758,"$280,000[1]",280000,1,280000
tt0810951,"$336,973.22[1]",336973.22,1,336973.22
tt0113756,"$336,973.22[1]",336973.22,1,336973.22
tt0106868,"$336,973.22[1]",336973.22,1,336973.22
tt0101025,"$336,973.22[1]",336973.22,1,336973.22
tt0075213,"$336,973.22[1]",336973.22,1,336973.22
tt0080516,"$336,973.22[1]",336973.22,1,336973.22
tt0399877,"$420,000[2]",420000,1,420000
tt0086370,"$420,000[2]",420000,1,420000
tt0100318,"$420,000[2]",420000,1,420000
tt0098453,"$420,000[2]",420000,1,420000
tt0090567,"$420,000[2]",420000,1,420000
tt0085276,"$500,000[1]",500000,1,500000
tt3721936,"$500,000 ",500000,1,500000
tt0077699,"$500,000[1]",500000,1,500000
tt0097790,"$500,000 ",500000,1,500000
tt0796307,"$500,000[1]",500000,1,500000
tt0109508,"$500,000 ",500000,1,500000
tt2490326,"$500,000[1]",500000,1,500000
tt1924394,"$500,000 ",500000,1,500000
tt0956038,"$500,000[1]",500000,1,500000
tt1648179,"$500,000 ",500000,1,500000
tt1343755,"$600,000[2]",600000,1,600000
tt0103872,"$600,000[2]",600000,1,600000
tt0059037,"$600,000[2]",600000,1,600000
tt0119640,"$600,000[2]",600000,1,600000
tt0360216,"$600,000[2]",600000,1,600000
tt0082200,"$600,000[2]",600000,1,600000
tt0064040,"$630,000 ",630000,1,630000
tt0089901,"$630,000 ",630000,1,630000
tt2049543,"$630,000 ",630000,1,630000
tt4721400,"$630,000 ",630000,1,630000
tt0092632,"$630,000 ",630000,1,630000
tt1827578,"$630,000 ",630000,1,630000
tt0099726,"$780,000[1]",780000,1,780000
tt0238891,"$780,000[1]",780000,1,780000
tt1194603,"$780,000[1]",780000,1,780000
tt0083908,"$780,000[1]",780000,1,780000
tt1068646,"$780,000[1]",780000,1,780000
tt3318750,"$780,000[1]",780000,1,780000
tt2549540,"$840,000[2][3]",840000,1,840000
tt2771800,"$840,000[2][3]",840000,1,840000
tt0085863,"$840,000[2][3]",840000,1,840000
tt0113986,"$840,000[2][3]",840000,1,840000
tt2473794,"$840,000[2][3]",840000,1,840000
tt1827487,"$900,000[2]",900000,1,900000
tt0127296,"$900,000[2]",900000,1,900000
tt0119141,"$900,000[2]",900000,1,900000
tt0108525,"$900,000[2]",900000,1,900000
tt4273562,"$900,000[2]",900000,1,900000
tt1512240,"$900,000[2]",900000,1,900000
tt0083064,under $1 million[2],1,1,1000000
tt1870529,$1 million[2],1,1,1000000
tt0997246,$1 million[4],1,1,1000000
tt0768212,"$1,000,000 ",1000000,1,1000000
tt0083591,$1 million[2],1,1,1000000
tt0107473,$1 million[1],1,1,1000000
tt2370248,$1 million[2],1,1,1000000
tt0095304,CZK 28 million[1](app. $1 million),1,1,1000000
tt0119381,$1 million,1,1,1000000
tt0027977,$1 million[2],1,1,1000000
tt0369672,$1 million[1],1,1,1000000
tt0073636,under $1 million[2],1,1,1000000
tt0081562,$1 million[2],1,1,1000000
tt0081063,$1 million[4],1,1,1000000
tt0084788,"$1,000,000 ",1000000,1,1000000
tt1047011,$1 million[2],1,1,1000000
tt0499596,$1 million[1],1,1,1000000
tt0456554,$1 million[2],1,1,1000000
tt0119512,CZK 28 million[1](app. $1 million),1,1,1000000
tt0057413,$1 million,1,1,1000000
tt0809504,$1 million[2],1,1,1000000
tt4698584,$1 million[1],1,1,1000000
tt0079588,under $1 million[2],1,1,1000000
tt0308772,$1 million[2],1,1,1000000
tt0096061,$1 million[4],1,1,1000000
tt0081748,"$1,000,000 ",1000000,1,1000000
tt0301978,$1 million[2],1,1,1000000
tt0271263,$1 million[1],1,1,1000000
tt3480886,$1 million[2],1,1,1000000
tt2599716,CZK 28 million[1](app. $1 million),1,1,1000000
tt0084865,$1 million,1,1,1000000
tt0421994,$1 million[2],1,1,1000000
tt0810900,$1 million[1],1,1,1000000
tt0111797,under $1 million[2],1,1,1000000
tt2764784,$1 million[2],1,1,1000000
tt0139876,$1 million[4],1,1,1000000
tt4568106,"$1,000,000 ",1000000,1,1000000
tt0262210,$1 million[2],1,1,1000000
tt0080489,$1 million[1],1,1,1000000
tt0287963,$1 million[2],1,1,1000000
tt1319744,CZK 28 million[1](app. $1 million),1,1,1000000
tt0062824,$1 million,1,1,1000000
tt0104298,$1 million[2],1,1,1000000
tt4048050,$1 million[1],1,1,1000000
tt0104187,under $1 million[2],1,1,1000000
tt0192335,$1 million[2],1,1,1000000
tt0105477,$1 million[4],1,1,1000000
tt0083619,"$1,000,000 ",1000000,1,1000000
tt1638364,$1 million[2],1,1,1000000
tt1051907,$1 million[1],1,1,1000000
tt2582426,$1 million[2],1,1,1000000
tt0301976,CZK 28 million[1](app. $1 million),1,1,1000000
tt0101258,$1 million,1,1,1000000
tt3704538,$1 million[2],1,1,1000000
tt3858372,$1 million[1],1,1,1000000
tt2433040,under $1 million[2],1,1,1000000
tt3675568,$1 million[2],1,1,1000000
tt0119326,$1 million[4],1,1,1000000
tt0118694,"$1,000,000 ",1000000,1,1000000
tt2192844,$1 million[2],1,1,1000000
tt0103285,$1 million[1],1,1,1000000
tt5078204,$1 million[2],1,1,1000000
tt2023690,CZK 28 million[1](app. $1 million),1,1,1000000
tt1185416,$1 million,1,1,1000000
tt1313104,$1 million[2],1,1,1000000
tt0107091,$1.1 million [3],1.1,1,1100000
tt1261393,"$1,100,000 ",1100000,1,1100000
tt1216487,$1.1 million [3],1.1,1,1100000
tt0102220,"$1,100,000 ",1100000,1,1100000
tt0093104,$1.1 million [3],1.1,1,1100000
tt0970468,"$1,100,000 ",1100000,1,1100000
tt1506452,$1.1 million [3],1.1,1,1100000
tt2330866,"$1,100,000 ",1100000,1,1100000
tt1314715,$1.1 million [3],1.1,1,1100000
tt0193997,"$1,100,000 ",1100000,1,1100000
tt0090729,$1.1 million [3],1.1,1,1100000
tt0097235,"$1,100,000 ",1100000,1,1100000
tt0098067,$1.2 million[1],1.2,1,1200000
tt0264802,"$1,200,000 (estimated)",1200000,1,1200000
tt0427969,"$1,200,000 (USA)",1200000,1,1200000
tt1286800,$1.2 million[1],1.2,1,1200000
tt1441953,"$1,200,000 (estimated)",1200000,1,1200000
tt0437232,"$1,200,000 (USA)",1200000,1,1200000
tt2125666,$1.2 million[1],1.2,1,1200000
tt0088395,"$1,200,000 (estimated)",1200000,1,1200000
tt0119054,"$1,200,000 (USA)",1200000,1,1200000
tt0104082,$1.2 million[1],1.2,1,1200000
tt0447016,"$1,200,000 (estimated)",1200000,1,1200000
tt0284494,"$1,200,000 (USA)",1200000,1,1200000
tt0073018,$1.2 million[1],1.2,1,1200000
tt0926129,"$1,200,000 (estimated)",1200000,1,1200000
tt0462703,"$1,200,000 (USA)",1200000,1,1200000
tt0099892,$1.2 million[1],1.2,1,1200000
tt0120593,"$1,200,000 (estimated)",1200000,1,1200000
tt1190905,"$1,200,000 (USA)",1200000,1,1200000
tt0893412,$1.3 million[1],1.3,1,1300000
tt0093215,$1.3 million,1.3,1,1300000
tt0352622,$1.3 million[1],1.3,1,1300000
tt1197626,$1.3 million,1.3,1,1300000
tt0107146,$1.3 million[1],1.3,1,1300000
tt0119051,$1.3 million,1.3,1,1300000
tt1572916,$1.3 million[1],1.3,1,1300000
tt0250202,$1.3 million,1.3,1,1300000
tt1907707,$1.3 million[1],1.3,1,1300000
tt0302640,$1.3 million,1.3,1,1300000
tt0078192,$1.3 million[1],1.3,1,1300000
tt0286112,€1.39 million[1]($1.35 million),1.35,1,1350000
tt0329388,€1.39 million[1]($1.35 million),1.35,1,1350000
tt0070239,€1.39 million[1]($1.35 million),1.35,1,1350000
tt1571249,€1.39 million[1]($1.35 million),1.35,1,1350000
tt1587422,€1.39 million[1]($1.35 million),1.35,1,1350000
tt0318462,$1.5 million,1.5,1,1500000
tt0274497,$1.5 million[1],1.5,1,1500000
tt0318411,$1.5–2 million (est.),1.5,1,1500000
tt0109327,"$1,500,000 ",1500000,1,1500000
tt4287434,$1.5 million,1.5,1,1500000
tt2167266,$1.5 million[1],1.5,1,1500000
tt1999987,$1.5 million,1.5,1,1500000
tt2258858,$1.5 million,1.5,1,1500000
tt0119557,$1.5 million[1],1.5,1,1500000
tt4285198,$1.5–2 million (est.),1.5,1,1500000
tt0098356,"$1,500,000 ",1500000,1,1500000
tt2652756,$1.5 million,1.5,1,1500000
tt0167137,$1.5 million[1],1.5,1,1500000
tt0093756,$1.5 million,1.5,1,1500000
tt0083190,$1.5 million,1.5,1,1500000
tt0098193,$1.5 million[1],1.5,1,1500000
tt0458364,$1.5–2 million (est.),1.5,1,1500000
tt0756727,"$1,500,000 ",1500000,1,1500000
tt0109403,$1.5 million,1.5,1,1500000
tt3062976,$1.5 million[1],1.5,1,1500000
tt0324242,$1.5 million,1.5,1,1500000
tt1613040,$1.5 million,1.5,1,1500000
tt0091949,$1.5 million[1],1.5,1,1500000
tt0087032,$1.5–2 million (est.),1.5,1,1500000
tt0094027,"$1,500,000 ",1500000,1,1500000
tt0219400,$1.5 million,1.5,1,1500000
tt0114194,$1.5 million[1],1.5,1,1500000
tt1925518,$1.5 million,1.5,1,1500000
tt0065134,$1.5 million,1.5,1,1500000
tt1241316,$1.5 million[1],1.5,1,1500000
tt0096030,$1.5–2 million (est.),1.5,1,1500000
tt0787475,"$1,500,000 ",1500000,1,1500000
tt0080377,$1.5 million,1.5,1,1500000
tt0097390,$1.5 million[1],1.5,1,1500000
tt1839492,$1.5 million,1.5,1,1500000
tt0424880,$1.5 million,1.5,1,1500000
tt5311514,$1.5 million[1],1.5,1,1500000
tt0492044,$1.5–2 million (est.),1.5,1,1500000
tt0094021,"$1,500,000 ",1500000,1,1500000
tt0080461,$1.5 million,1.5,1,1500000
tt0116141,$1.5 million[1],1.5,1,1500000
tt2311182,$1.6 million,1.6,1,1600000
tt1649443,$1.6 million[1],1.6,1,1600000
tt0088678,$1.6 million,1.6,1,1600000
tt0112453,$1.6 million[1],1.6,1,1600000
tt0109529,$1.6 million,1.6,1,1600000
tt0097557,$1.6 million[1],1.6,1,1600000
tt2406252,$1.6 million,1.6,1,1600000
tt0092897,$1.6 million[1],1.6,1,1600000
tt0102996,$1.6 million,1.6,1,1600000
tt0203540,$1.6 million[1],1.6,1,1600000
tt0439817,$1.6 million,1.6,1,1600000
tt0083530,$1.6 million[1],1.6,1,1600000
tt1235124,$1.645 million[2],1.645,1,1645000
tt0963194,$1.645 million[2],1.645,1,1645000
tt2917388,$1.645 million[2],1.645,1,1645000
tt0461892,$1.645 million[2],1.645,1,1645000
tt0443559,$1.645 million[2],1.645,1,1645000
tt0110168,$1.7 million[1],1.7,1,1700000
tt0082377,$1.7 million[1],1.7,1,1700000
tt0118750,$1.7 million[1],1.7,1,1700000
tt0059017,$1.7 million[1],1.7,1,1700000
tt0082748,$1.7 million[1],1.7,1,1700000
tt1082601,$1.7 million[1],1.7,1,1700000
tt0119815,$1.8 million[2],1.8,1,1800000
tt0048280,$1.8 million[2],1.8,1,1800000
tt5186714,$1.8 million[2],1.8,1,1800000
tt3203620,$1.8 million[2],1.8,1,1800000
tt3286052,$1.8 million[2],1.8,1,1800000
tt4226388,$1.8 million[2],1.8,1,1800000
tt0104254,£1.1 million (approx. $1.9 million)[2],1.9,1,1900000
tt0102202,£1.1 million (approx. $1.9 million)[2],1.9,1,1900000
tt0062229,£1.1 million (approx. $1.9 million)[2],1.9,1,1900000
tt1439572,£1.1 million (approx. $1.9 million)[2],1.9,1,1900000
tt1629705,£1.1 million (approx. $1.9 million)[2],1.9,1,1900000
tt0120126,£1.1 million (approx. $1.9 million)[2],1.9,1,1900000
tt0063518,"$1,960,000[1]",1960000,1,1960000
tt0266078,"$1,960,000[1]",1960000,1,1960000
tt0212815,"$1,960,000[1]",1960000,1,1960000
tt0119095,"$1,960,000[1]",1960000,1,1960000
tt1621426,"$1,960,000[1]",1960000,1,1960000
tt0335119,"A$1,884,200(US$2 million)",2,1,2000000
tt0114694,"$2,000,000 ",2000000,1,2000000
tt2935476,$2 million[1],2,1,2000000
tt0416730,$2 million[2],2,1,2000000
tt0081218,$2 million[4],2,1,2000000
tt0451094,"A$1,884,200(US$2 million)",2,1,2000000
tt2400314,"$2,000,000 ",2000000,1,2000000
tt1767372,$2 million[1],2,1,2000000
tt4082068,$2 million[2],2,1,2000000
tt0039739,$2 million[4],2,1,2000000
tt0112909,"A$1,884,200(US$2 million)",2,1,2000000
tt1776196,"$2,000,000 ",2000000,1,2000000
tt0090927,$2 million[1],2,1,2000000
tt0166195,$2 million[2],2,1,2000000
tt0847877,$2 million[4],2,1,2000000
tt0101020,"A$1,884,200(US$2 million)",2,1,2000000
tt0095560,"$2,000,000 ",2000000,1,2000000
tt0330069,$2 million[1],2,1,2000000
tt2425486,$2 million[2],2,1,2000000
tt1247690,$2 million[4],2,1,2000000
tt0424992,"A$1,884,200(US$2 million)",2,1,2000000
tt0347246,"$2,000,000 ",2000000,1,2000000
tt3754940,$2 million[1],2,1,2000000
tt0060138,$2 million[2],2,1,2000000
tt0092603,$2 million[4],2,1,2000000
tt1846472,"A$1,884,200(US$2 million)",2,1,2000000
tt3779028,"$2,000,000 ",2000000,1,2000000
tt0081031,$2.5 million[1],2.5,1,2500000
tt0089886,$2.5 million[1] or $3.5 million[2],2.5,1,2500000
tt3344694,$2.5 million,2.5,1,2500000
tt1753549,$2.5 million[1][2],2.5,1,2500000
tt6201292,$2.5 million [1],2.5,1,2500000
tt0111271,$2.5 million[1],2.5,1,2500000
tt1462769,$2.5 million[1] or $3.5 million[2],2.5,1,2500000
tt0079971,$2.5 million,2.5,1,2500000
tt4972062,$2.5 million[1][2],2.5,1,2500000
tt2624412,$2.5 million [1],2.5,1,2500000
tt0091877,$2.5 million[1],2.5,1,2500000
tt0088936,$2.5 million[1] or $3.5 million[2],2.5,1,2500000
tt0421082,$2.5 million,2.5,1,2500000
tt0075086,$2.5 million[1][2],2.5,1,2500000
tt0368658,$2.5 million [1],2.5,1,2500000
tt3521134,$2.5 million[1],2.5,1,2500000
tt0118147,$2.5 million[1] or $3.5 million[2],2.5,1,2500000
tt1179947,$2.5 million,2.5,1,2500000
tt2034031,$2.5 million[1][2],2.5,1,2500000
tt0227984,$2.5 million [1],2.5,1,2500000
tt0293086,$2.5 million[1],2.5,1,2500000
tt1653690,$2.5 million[1] or $3.5 million[2],2.5,1,2500000
tt2215477,$2.5 million,2.5,1,2500000
tt0055100,$2.5 million[1][2],2.5,1,2500000
tt0415932,$2.5 million [1],2.5,1,2500000
tt0105459,$2.5 million[1],2.5,1,2500000
tt0098536,$2.5 million[1] or $3.5 million[2],2.5,1,2500000
tt0107286,$2.5 million,2.5,1,2500000
tt0102848,$2.5 million[1][2],2.5,1,2500000
tt1212974,"$2,540,000[2]",2540000,1,2540000
tt0079100,"$2,540,000[2]",2540000,1,2540000
tt0109520,"$2,540,000[2]",2540000,1,2540000
tt0422783,"$2,540,000[2]",2540000,1,2540000
tt1559549,"$2,540,000[2]",2540000,1,2540000
tt0085701,<U+20B9>20 crore (US$2.9 million)[1],2.9,1,2900000
tt2852470,<U+20B9>20 crore (US$2.9 million),2.9,1,2900000
tt1196948,<U+20B9>20 crore (US$2.9 million)[1],2.9,1,2900000
tt0870090,<U+20B9>20 crore (US$2.9 million),2.9,1,2900000
tt0118566,<U+20B9>20 crore (US$2.9 million)[1],2.9,1,2900000
tt0089087,<U+20B9>20 crore (US$2.9 million),2.9,1,2900000
tt0116839,<U+20B9>20 crore (US$2.9 million)[1],2.9,1,2900000
tt1567233,<U+20B9>20 crore (US$2.9 million),2.9,1,2900000
tt0084628,<U+20B9>20 crore (US$2.9 million)[1],2.9,1,2900000
tt0765128,<U+20B9>20 crore (US$2.9 million),2.9,1,2900000
tt0388182,<U+20B9>20 crore (US$2.9 million)[1],2.9,1,2900000
tt0103253,<U+20B9>20 crore (US$2.9 million),2.9,1,2900000
tt2926810,$3 million[1],3,1,3000000
tt0199314,$3 million[1],3,1,3000000
tt0102592,$3 million (sale price)[3],3,1,3000000
tt1655400,$3 million[3],3,1,3000000
tt5072406,$3 million[1],3,1,3000000
tt3338434,US$3 million,3,1,3000000
tt2942522,$3 million,3,1,3000000
tt1979319,$3 million[2],3,1,3000000
tt0112922,$3 million,3,1,3000000
tt1922561,$3 million[1],3,1,3000000
tt0888693,$3 million[1],3,1,3000000
tt3666024,$3 million[1],3,1,3000000
tt1510274,$3 million (sale price)[3],3,1,3000000
tt0455323,$3 million[3],3,1,3000000
tt0105391,$3 million[1],3,1,3000000
tt0099399,US$3 million,3,1,3000000
tt1029120,$3 million,3,1,3000000
tt0097880,$3 million[2],3,1,3000000
tt3824412,$3 million,3,1,3000000
tt0276816,$3 million[1],3,1,3000000
tt0822389,$3 million[1],3,1,3000000
tt0053143,$3 million[1],3,1,3000000
tt1626146,$3 million (sale price)[3],3,1,3000000
tt0120879,$3 million[3],3,1,3000000
tt0078754,$3 million[1],3,1,3000000
tt0790770,US$3 million,3,1,3000000
tt2481480,$3 million,3,1,3000000
tt2404217,$3 million[2],3,1,3000000
tt0081259,$3 million,3,1,3000000
tt1911553,$3 million[1],3,1,3000000
tt1179031,$3 million[1],3,1,3000000
tt0099310,$3 million[1],3,1,3000000
tt0082846,$3 million (sale price)[3],3,1,3000000
tt0092104,$3 million[3],3,1,3000000
tt0101404,$3 million[1],3,1,3000000
tt1935896,US$3 million,3,1,3000000
tt0113199,$3 million,3,1,3000000
tt0091817,$3 million[2],3,1,3000000
tt0385004,$3 million,3,1,3000000
tt0090710,$3 million[1],3,1,3000000
tt1164092,$3 million[1],3,1,3000000
tt0090685,$3 million[1],3,1,3000000
tt0118925,$3 million (sale price)[3],3,1,3000000
tt0460829,$3 million[3],3,1,3000000
tt0086058,$3 million[1],3,1,3000000
tt0052948,US$3 million,3,1,3000000
tt1212909,$3 million,3,1,3000000
tt0110882,$3 million[2],3,1,3000000
tt2737310,$3 million,3,1,3000000
tt1197628,$3 million[1],3,1,3000000
tt0091790,$3 million[1],3,1,3000000
tt0403217,$3 million[1],3,1,3000000
tt0080756,$3 million (sale price)[3],3,1,3000000
tt4468634,$3 million[3],3,1,3000000
tt0425758,$3 million[1],3,1,3000000
tt0085970,US$3 million,3,1,3000000
tt1226774,$3.3 million[1],3.3,1,3300000
tt0094933,$3.3 million[1],3.3,1,3300000
tt0110137,$3.3 million[1],3.3,1,3300000
tt1555149,$3.3 million[1],3.3,1,3300000
tt0403016,$3.3 million[1],3.3,1,3300000
tt0108656,US$3.5 million,3.5,1,3500000
tt2414040,A$3.5 million[1],3.5,1,3500000
tt0099566,US$3.5 million,3.5,1,3500000
tt3268458,A$3.5 million[1],3.5,1,3500000
tt1748227,US$3.5 million,3.5,1,3500000
tt3638396,A$3.5 million[1],3.5,1,3500000
tt0131857,US$3.5 million,3.5,1,3500000
tt1512201,A$3.5 million[1],3.5,1,3500000
tt0245891,US$3.5 million,3.5,1,3500000
tt0152930,A$3.5 million[1],3.5,1,3500000
tt0106220,US$3.5 million,3.5,1,3500000
tt1435513,<U+20B9>25 crore (US$3.6 million)[1],3.6,1,3600000
tt2166214,<U+20B9>25 crore (US$3.6 million),3.6,1,3600000
tt0347304,<U+20B9>25 crore (US$3.6 million)[1],3.6,1,3600000
tt3204144,<U+20B9>25 crore (US$3.6 million),3.6,1,3600000
tt1185836,<U+20B9>25 crore (US$3.6 million)[1],3.6,1,3600000
tt1396557,<U+20B9>25 crore (US$3.6 million),3.6,1,3600000
tt2150209,<U+20B9>25 crore (US$3.6 million)[1],3.6,1,3600000
tt0066892,<U+20B9>25 crore (US$3.6 million),3.6,1,3600000
tt0014429,<U+20B9>25 crore (US$3.6 million)[1],3.6,1,3600000
tt0065198,<U+20B9>25 crore (US$3.6 million),3.6,1,3600000
tt0482088,<U+20B9>25 crore (US$3.6 million)[1],3.6,1,3600000
tt1407061,$3.9 million[1],3.9,1,3900000
tt0098105,$3.9 million[1],3.9,1,3900000
tt0076085,$3.9 million[1],3.9,1,3900000
tt0105267,$3.9 million[1],3.9,1,3900000
tt0104802,$3.9 million[1],3.9,1,3900000
tt3398268,$3.9 million[1],3.9,1,3900000
tt0095169,$4 million[3],4,1,4000000
tt0113568,$4 million[2],4,1,4000000
tt0096003,$4 million[1],4,1,4000000
tt1270842,$4 million,4,1,4000000
tt0108330,$4 million[3] or $2.2 million[4],4,1,4000000
tt4019560,$4 million[1],4,1,4000000
tt0089767,$4 million[2],4,1,4000000
tt0903657,$4 million[3],4,1,4000000
tt1227189,$4 million[3],4,1,4000000
tt0102951,$4 million[2],4,1,4000000
tt2093991,$4 million[1],4,1,4000000
tt2032557,$4 million,4,1,4000000
tt1127715,$4 million[3] or $2.2 million[4],4,1,4000000
tt0290326,$4 million[1],4,1,4000000
tt3825638,$4 million[2],4,1,4000000
tt0106936,$4 million[3],4,1,4000000
tt1341341,$4 million[3],4,1,4000000
tt1605717,$4 million[2],4,1,4000000
tt2450186,$4 million[1],4,1,4000000
tt0090859,$4 million,4,1,4000000
tt0099292,$4 million[3] or $2.2 million[4],4,1,4000000
tt0454084,$4 million[1],4,1,4000000
tt0115644,$4 million[2],4,1,4000000
tt0880504,$4 million[3],4,1,4000000
tt2400463,$4 million[3],4,1,4000000
tt0829098,$4 million[2],4,1,4000000
tt0108234,$4 million[1],4,1,4000000
tt1381404,$4 million,4,1,4000000
tt0366777,$4 million[3] or $2.2 million[4],4,1,4000000
tt0267891,$4 million[1],4,1,4000000
tt1828959,$4 million[2],4,1,4000000
tt1560139,$4 million[3],4,1,4000000
tt0150338,$4 million[3],4,1,4000000
tt1990352,$4 million[2],4,1,4000000
tt1831829,$4 million[1],4,1,4000000
tt0443465,$4 million,4,1,4000000
tt0314786,$4 million[3] or $2.2 million[4],4,1,4000000
tt0111201,$4 million[1],4,1,4000000
tt1683876,$4 million[2],4,1,4000000
tt0078446,$4 million[3],4,1,4000000
tt0100944,$4 million[3],4,1,4000000
tt0056262,$4 million[2],4,1,4000000
tt2338424,$4 million[1],4,1,4000000
tt0085333,$4 million,4,1,4000000
tt0216800,$4 million[3] or $2.2 million[4],4,1,4000000
tt0090830,$4 million[1],4,1,4000000
tt0081590,$4.3 million[3],4.3,1,4300000
tt2495118,$4.3 million[1],4.3,1,4300000
tt0092717,$4.3 million[3],4.3,1,4300000
tt1087890,$4.3 million[1],4.3,1,4300000
tt2483260,$4.3 million[3],4.3,1,4300000
tt3882000,$4.3 million[1],4.3,1,4300000
tt0456980,$4.3 million[3],4.3,1,4300000
tt0273607,$4.3 million[1],4.3,1,4300000
tt2391821,$4.3 million[3],4.3,1,4300000
tt0095629,$4.3 million[1],4.3,1,4300000
tt0116308,$4.3 million[3],4.3,1,4300000
tt0093225,$4.5 million,4.5,1,4500000
tt0083170,$4.5 million [1],4.5,1,4500000
tt3774466,"$4,500,000 ",4500000,1,4500000
tt2395459,R$4.5 million[1],4.5,1,4500000
tt0328962,$4.5 million[2],4.5,1,4500000
tt0100691,$4.5 million,4.5,1,4500000
tt1223236,$4.5 million [1],4.5,1,4500000
tt1339635,"$4,500,000 ",4500000,1,4500000
tt0048473,R$4.5 million[1],4.5,1,4500000
tt0270846,$4.5 million[2],4.5,1,4500000
tt0860907,$4.5 million,4.5,1,4500000
tt0102370,$4.5 million [1],4.5,1,4500000
tt0110200,"$4,500,000 ",4500000,1,4500000
tt0338564,R$4.5 million[1],4.5,1,4500000
tt6044910,$4.5 million[2],4.5,1,4500000
tt0382621,$4.5 million,4.5,1,4500000
tt0124295,$4.5 million [1],4.5,1,4500000
tt0099128,"$4,500,000 ",4500000,1,4500000
tt2326612,R$4.5 million[1],4.5,1,4500000
tt2342810,$4.5 million[2],4.5,1,4500000
tt0087747,$4.5 million,4.5,1,4500000
tt0086014,$4.5 million [1],4.5,1,4500000
tt4298958,"$4,500,000 ",4500000,1,4500000
tt5251328,R$4.5 million[1],4.5,1,4500000
tt0258153,$4.5 million[2],4.5,1,4500000
tt1700844,$4.5 million,4.5,1,4500000
tt0117247,$4.5 million [1],4.5,1,4500000
tt0912583,"$4,500,000 ",4500000,1,4500000
tt0322725,R$4.5 million[1],4.5,1,4500000
tt0360130,$4.6 million[1],4.6,1,4600000
tt0097493,$4.6 million [1],4.6,1,4600000
tt1390398,$4.6 million[1],4.6,1,4600000
tt0208196,$4.6 million [1],4.6,1,4600000
tt0286306,$4.6 million[1],4.6,1,4600000
tt0104291,$4.6 million [1],4.6,1,4600000
tt0303297,$4.6 million[1],4.6,1,4600000
tt1046947,$4.6 million [1],4.6,1,4600000
tt2316411,$4.6 million[1],4.6,1,4600000
tt0062708,$4.6 million [1],4.6,1,4600000
tt0083550,$4.6 million[1],4.6,1,4600000
tt2113822,$5 million[1][2],5,1,5000000
tt0107057,$5 million,5,1,5000000
tt0084469,$5 million[2],5,1,5000000
tt0107626,US$5 million[1],5,1,5000000
tt3451230,$5 million[1][nb 1],5,1,5000000
tt1787777,$5 million,5,1,5000000
tt2401715,$5 million[1],5,1,5000000
tt0105165,$5–10 million[3],5,1,5000000
tt0099606,$5 million,5,1,5000000
tt0183503,$5 million[1],5,1,5000000
tt0120742,"$5,000,000 ",5000000,1,5000000
tt2193418,$5 million,5,1,5000000
tt2056771,"$5,000,000 ",5000000,1,5000000
tt0070460,$5 million[1],5,1,5000000
tt0113676,$5 million,5,1,5000000
tt0076729,$5 million[2],5,1,5000000
tt1468843,$5 million,5,1,5000000
tt0015648,$5 million[1][2],5,1,5000000
tt5655222,$5 million,5,1,5000000
tt0139362,$5 million[2],5,1,5000000
tt0099005,US$5 million[1],5,1,5000000
tt0321376,$5 million[1][nb 1],5,1,5000000
tt0444781,$5 million,5,1,5000000
tt0385726,$5 million[1],5,1,5000000
tt1119199,$5–10 million[3],5,1,5000000
tt1992156,$5 million,5,1,5000000
tt1845773,$5 million[1],5,1,5000000
tt1229360,"$5,000,000 ",5000000,1,5000000
tt1078188,$5 million,5,1,5000000
tt0342172,"$5,000,000 ",5000000,1,5000000
tt0091051,$5 million[1],5,1,5000000
tt0099850,$5 million,5,1,5000000
tt0096943,$5 million[2],5,1,5000000
tt0105839,$5 million,5,1,5000000
tt4382872,$5 million[1][2],5,1,5000000
tt0396818,$5 million,5,1,5000000
tt1194664,$5 million[2],5,1,5000000
tt0107985,US$5 million[1],5,1,5000000
tt0378947,$5 million[1][nb 1],5,1,5000000
tt0462335,$5 million,5,1,5000000
tt1172957,$5 million[1],5,1,5000000
tt0453548,$5–10 million[3],5,1,5000000
tt0092112,$5 million,5,1,5000000
tt3039378,$5 million[1],5,1,5000000
tt0096073,"$5,000,000 ",5000000,1,5000000
tt3228088,$5 million,5,1,5000000
tt1761005,"$5,000,000 ",5000000,1,5000000
tt1709143,$5 million[1],5,1,5000000
tt0079168,$5 million,5,1,5000000
tt0110123,$5 million[2],5,1,5000000
tt1303803,$5 million,5,1,5000000
tt0108122,$5 million[1][2],5,1,5000000
tt0109127,$5 million,5,1,5000000
tt2378507,$5 million[2],5,1,5000000
tt0117473,US$5 million[1],5,1,5000000
tt0122529,$5 million[1][nb 1],5,1,5000000
tt0326722,$5 million,5,1,5000000
tt1790886,$5 million[1],5,1,5000000
tt0108596,$5–10 million[3],5,1,5000000
tt0108148,$5 million,5,1,5000000
tt0078718,$5 million[1],5,1,5000000
tt0118127,"$5,000,000 ",5000000,1,5000000
tt0808506,$5 million,5,1,5000000
tt0093137,"$5,000,000 ",5000000,1,5000000
tt0113500,$5 million[1],5,1,5000000
tt0078721,$5 million,5,1,5000000
tt1638002,$5 million[2],5,1,5000000
tt2617456,$5 million,5,1,5000000
tt0108171,$5 million[1][2],5,1,5000000
tt4515684,$5 million,5,1,5000000
tt2394063,$5 million[2],5,1,5000000
tt0085642,US$5 million[1],5,1,5000000
tt0086450,$5 million[1][nb 1],5,1,5000000
tt0110006,$5 million,5,1,5000000
tt0119743,$5 million[1],5,1,5000000
tt0347048,$5–10 million[3],5,1,5000000
tt1391092,$5 million,5,1,5000000
tt0099750,$5 million[1],5,1,5000000
tt0188128,"$5,000,000 ",5000000,1,5000000
tt3335606,$5 million,5,1,5000000
tt0097579,"$5,000,000 ",5000000,1,5000000
tt0120661,$5 million[1],5,1,5000000
tt0361127,$5 million,5,1,5000000
tt2218003,$5 million[2],5,1,5000000
tt0096028,$5 million,5,1,5000000
tt1198156,$5 million[1][2],5,1,5000000
tt0367790,$5 million,5,1,5000000
tt0112792,$5 million[2],5,1,5000000
tt0087589,US$5 million[1],5,1,5000000
tt0090917,$5 million[1][nb 1],5,1,5000000
tt0409072,$5 million,5,1,5000000
tt3409392,$5 million[1],5,1,5000000
tt5029608,$5–10 million[3],5,1,5000000
tt3011894,$5 million,5,1,5000000
tt0995868,$5 million[1],5,1,5000000
tt1482393,"$5,000,000 ",5000000,1,5000000
tt0089009,$5.2 million [4],5.2,1,5200000
tt0105631,$5.2 million [4],5.2,1,5200000
tt0091055,$5.2 million [4],5.2,1,5200000
tt0097647,$5.2 million [4],5.2,1,5200000
tt1272014,$5.2 million [4],5.2,1,5200000
tt0093231,$5.2 million [4],5.2,1,5200000
tt3882074,¥30 million(US$5.4 million)[2],5.4,1,5400000
tt0816545,¥30 million(US$5.4 million)[2],5.4,1,5400000
tt2364975,¥30 million(US$5.4 million)[2],5.4,1,5400000
tt0120820,¥30 million(US$5.4 million)[2],5.4,1,5400000
tt0098258,¥30 million(US$5.4 million)[2],5.4,1,5400000
tt1976000,¥30 million(US$5.4 million)[2],5.4,1,5400000
tt0088402,"$5,500,000[1]",5500000,1,5500000
tt2545428,$5.5 million,5.5,1,5500000
tt0116704,"$5,500,000[1]",5500000,1,5500000
tt0108577,$5.5 million,5.5,1,5500000
tt0105327,"$5,500,000[1]",5500000,1,5500000
tt0084335,$5.5 million,5.5,1,5500000
tt0104940,"$5,500,000[1]",5500000,1,5500000
tt0839980,$5.5 million,5.5,1,5500000
tt0110785,"$5,500,000[1]",5500000,1,5500000
tt1103273,$5.5 million,5.5,1,5500000
tt0192766,"$5,500,000[1]",5500000,1,5500000
tt3110960,$5.5 million,5.5,1,5500000
tt0391024,$6-8 million[2],6,1,6000000
tt1772980,USD$6 million[8],6,1,6000000
tt1894561,$6 million,6,1,6000000
tt0086192,"US$3 million (equivalent to $6 million today, adjusted for inflation)[4]",6,1,6000000
tt0106877,$6 million[1],6,1,6000000
tt1991245,$6 million,6,1,6000000
tt2639344,"$6,000,000 ",6000000,1,6000000
tt0251806,$6 million[1],6,1,6000000
tt0975645,$6 million[1],6,1,6000000
tt0087233,$6 million[1],6,1,6000000
tt2608732,$6 million,6,1,6000000
tt1481572,$6 million,6,1,6000000
tt0097971,$6-8 million[2],6,1,6000000
tt1131724,USD$6 million[8],6,1,6000000
tt0805604,$6 million,6,1,6000000
tt0816442,"US$3 million (equivalent to $6 million today, adjusted for inflation)[4]",6,1,6000000
tt5456104,$6 million[1],6,1,6000000
tt3844362,$6 million,6,1,6000000
tt1477837,"$6,000,000 ",6000000,1,6000000
tt0091706,$6 million[1],6,1,6000000
tt0091983,$6 million[1],6,1,6000000
tt0104454,$6 million[1],6,1,6000000
tt0291928,$6 million,6,1,6000000
tt1645080,$6 million,6,1,6000000
tt0086637,$6-8 million[2],6,1,6000000
tt0109144,USD$6 million[8],6,1,6000000
tt4411504,$6 million,6,1,6000000
tt0115530,"US$3 million (equivalent to $6 million today, adjusted for inflation)[4]",6,1,6000000
tt2614684,$6 million[1],6,1,6000000
tt0082131,$6 million,6,1,6000000
tt3155604,"$6,000,000 ",6000000,1,6000000
tt0099699,$6 million[1],6,1,6000000
tt1885335,$6 million[1],6,1,6000000
tt0210130,$6 million[1],6,1,6000000
tt4002772,$6 million,6,1,6000000
tt1680045,$6 million,6,1,6000000
tt0111003,$6-8 million[2],6,1,6000000
tt3958780,USD$6 million[8],6,1,6000000
tt0334416,$6 million,6,1,6000000
tt0404802,"US$3 million (equivalent to $6 million today, adjusted for inflation)[4]",6,1,6000000
tt0806203,$6 million[1],6,1,6000000
tt0180037,$6 million,6,1,6000000
tt2107648,"$6,000,000 ",6000000,1,6000000
tt0080754,$6 million[1],6,1,6000000
tt0116353,$6 million[1],6,1,6000000
tt2290828,$6 million[1],6,1,6000000
tt0115531,$6 million,6,1,6000000
tt0076723,$6 million,6,1,6000000
tt1182908,$6-8 million[2],6,1,6000000
tt0115640,USD$6 million[8],6,1,6000000
tt0107630,$6 million,6,1,6000000
tt0073631,"US$3 million (equivalent to $6 million today, adjusted for inflation)[4]",6,1,6000000
tt0245046,$6 million[1],6,1,6000000
tt2382009,$6 million,6,1,6000000
tt0104892,"$6,000,000 ",6000000,1,6000000
tt3279124,$6 million[1],6,1,6000000
tt0120478,$6 million[1],6,1,6000000
tt0118772,$6 million[1],6,1,6000000
tt5129510,$6 million,6,1,6000000
tt2359024,$6 million,6,1,6000000
tt0339806,$6-8 million[2],6,1,6000000
tt0096289,USD$6 million[8],6,1,6000000
tt0098230,$6 million,6,1,6000000
tt2717860,"US$3 million (equivalent to $6 million today, adjusted for inflation)[4]",6,1,6000000
tt0460740,$6 million[1],6,1,6000000
tt5173032,$6 million,6,1,6000000
tt1521090,"$6,000,000 ",6000000,1,6000000
tt1731701,$6 million[1],6,1,6000000
tt0108265,US$6.4 million[1],6.4,1,6400000
tt1541666,US$6.4 million[1],6.4,1,6400000
tt2457282,US$6.4 million[1],6.4,1,6400000
tt0093175,US$6.4 million[1],6.4,1,6400000
tt0110857,US$6.4 million[1],6.4,1,6400000
tt2597892,US$6.4 million[1],6.4,1,6400000
tt0053877,<U+20B9>200 million (equivalent to <U+20B9>450 million or US$6.5 million in 2018)[1],6.5,1,6500000
tt0308363,<U+20B9>200 million (equivalent to <U+20B9>450 million or US$6.5 million in 2018)[1],6.5,1,6500000
tt1031280,<U+20B9>200 million (equivalent to <U+20B9>450 million or US$6.5 million in 2018)[1],6.5,1,6500000
tt0486578,<U+20B9>200 million (equivalent to <U+20B9>450 million or US$6.5 million in 2018)[1],6.5,1,6500000
tt0455499,<U+20B9>200 million (equivalent to <U+20B9>450 million or US$6.5 million in 2018)[1],6.5,1,6500000
tt0264150,<U+20B9>200 million (equivalent to <U+20B9>450 million or US$6.5 million in 2018)[1],6.5,1,6500000
tt0102598,$6.9 million[1],6.9,1,6900000
tt4008652,$6.9 million[1],6.9,1,6900000
tt1366409,$6.9 million[1],6.9,1,6900000
tt0087127,$6.9 million[1],6.9,1,6900000
tt0460745,$6.9 million[1],6.9,1,6900000
tt1043451,$6.9 million[1],6.9,1,6900000
tt0095882,$7 million[3],7,1,7000000
tt0079489,$7 million,7,1,7000000
tt2609912,$7 million[2],7,1,7000000
tt0768690,"$7,000,000 ",7000000,1,7000000
tt0036872,$7 million,7,1,7000000
tt0175844,$7 million[2],7,1,7000000
tt0077629,$7 million[2][3],7,1,7000000
tt0098385,$7 million,7,1,7000000
tt5487052,$7 million[3],7,1,7000000
tt1483025,$7 million,7,1,7000000
tt3013258,$7 million[2],7,1,7000000
tt0118819,"$7,000,000 ",7000000,1,7000000
tt0102467,$7 million,7,1,7000000
tt2097331,$7 million[2],7,1,7000000
tt1837562,$7 million[2][3],7,1,7000000
tt0169858,$7 million,7,1,7000000
tt0091059,$7 million[3],7,1,7000000
tt0091538,$7 million,7,1,7000000
tt1735907,$7 million[2],7,1,7000000
tt1527788,"$7,000,000 ",7000000,1,7000000
tt0082138,$7 million,7,1,7000000
tt0181833,$7 million[2],7,1,7000000
tt0475169,$7 million[2][3],7,1,7000000
tt0465624,$7 million,7,1,7000000
tt0092133,$7 million[3],7,1,7000000
tt1674773,$7 million,7,1,7000000
tt1181791,$7 million[2],7,1,7000000
tt4230700,"$7,000,000 ",7000000,1,7000000
tt1436559,$7 million,7,1,7000000
tt0247196,$7 million[2],7,1,7000000
tt0080474,$7 million[2][3],7,1,7000000
tt1815717,$7 million,7,1,7000000
tt0098360,$7 million[3],7,1,7000000
tt0446059,$7 million,7,1,7000000
tt0104321,$7 million[2],7,1,7000000
tt3608930,"$7,000,000 ",7000000,1,7000000
tt0780608,$7 million,7,1,7000000
tt5770620,$7 million[2],7,1,7000000
tt0471030,$7 million[2][3],7,1,7000000
tt1649444,$7 million,7,1,7000000
tt1876277,$7 million[3],7,1,7000000
tt0095916,$7 million,7,1,7000000
tt0119209,$7 million[2],7,1,7000000
tt4312536,"$7,000,000 ",7000000,1,7000000
tt1133991,$7 million,7,1,7000000
tt0113808,$7 million[2],7,1,7000000
tt2172985,$7 million[2][3],7,1,7000000
tt0387914,"$7,020,000[1]",7020000,1,7020000
tt0119791,"$7,020,000[1]",7020000,1,7020000
tt0104503,"$7,020,000[1]",7020000,1,7020000
tt3083008,"$7,020,000[1]",7020000,1,7020000
tt1445208,"$7,020,000[1]",7020000,1,7020000
tt0081414,"$7,020,000[1]",7020000,1,7020000
tt0076001,$7.2 million[1],7.2,1,7200000
tt0113870,$7.2 million[1],7.2,1,7200000
tt5789664,$7.2 million[1],7.2,1,7200000
tt0113862,$7.2 million[1],7.2,1,7200000
tt0089839,$7.2 million[1],7.2,1,7200000
tt0473488,$7.2 million[1],7.2,1,7200000
tt0112536,$7.2 million[1],7.2,1,7200000
tt0420293,$7.2 million[1],7.2,1,7200000
tt0120706,$7.2 million[1],7.2,1,7200000
tt0107472,$7.2 million[1],7.2,1,7200000
tt0379225,$7.2 million[1],7.2,1,7200000
tt0119842,$7.3 million,7.3,1,7300000
tt0114496,$7.3 million,7.3,1,7300000
tt0090768,$7.3 million,7.3,1,7300000
tt0081480,$7.3 million,7.3,1,7300000
tt0071569,$7.3 million,7.3,1,7300000
tt0115751,$7.3 million,7.3,1,7300000
tt0104139,$7.5 million[1][2],7.5,1,7500000
tt0103251,$7.5 million[2],7.5,1,7500000
tt0092794,$7.5 million[1],7.5,1,7500000
tt0455362,$7.5 million[2],7.5,1,7500000
tt0119891,$7.5 million[1][2],7.5,1,7500000
tt0101798,$7.5 million[2],7.5,1,7500000
tt1595656,$7.5 million[1],7.5,1,7500000
tt0098308,$7.5 million[2],7.5,1,7500000
tt0102500,$7.5 million[1][2],7.5,1,7500000
tt0080863,$7.5 million[2],7.5,1,7500000
tt0997047,$7.5 million[1],7.5,1,7500000
tt0828065,$7.5 million[2],7.5,1,7500000
tt0100486,$7.5 million[1][2],7.5,1,7500000
tt0099703,$7.5 million[2],7.5,1,7500000
tt1853614,$7.5 million[1],7.5,1,7500000
tt3733778,$7.5 million[2],7.5,1,7500000
tt2219514,$7.5 million[1][2],7.5,1,7500000
tt0044916,$7.5 million[2],7.5,1,7500000
tt3478962,$7.5 million[1],7.5,1,7500000
tt1422020,$7.5 million[2],7.5,1,7500000
tt0326208,$7.5 million[1][2],7.5,1,7500000
tt0120254,$7.6 million[1],7.6,1,7600000
tt0273253,$7.6 million[1],7.6,1,7600000
tt2537176,$7.6 million[1],7.6,1,7600000
tt0080827,$7.6 million[1],7.6,1,7600000
tt1196134,$7.6 million[1],7.6,1,7600000
tt1324055,$7.6 million[1],7.6,1,7600000
tt0040175,$7.8 million[1],7.8,1,7800000
tt0099710,$7.8 million[1],7.8,1,7800000
tt0073802,$7.8 million[1],7.8,1,7800000
tt0081751,$7.8 million[1],7.8,1,7800000
tt0065702,$7.8 million[1],7.8,1,7800000
tt1787797,$7.8 million[1],7.8,1,7800000
tt0387898,$8 million[1],8,1,8000000
tt1193460,$8 million[1],8,1,8000000
tt0081760,US$8 million,8,1,8000000
tt1399952,$8 million[2],8,1,8000000
tt0089338,$8 million[1],8,1,8000000
tt2318360,$8 million[5],8,1,8000000
tt0107497,"$8,000,000 (approximately)",8000000,1,8000000
tt0078056,$8 million[1],8,1,8000000
tt2637378,$8 million[1],8,1,8000000
tt0070634,$8 million[1],8,1,8000000
tt0102721,US$8 million,8,1,8000000
tt4305148,$8 million[2],8,1,8000000
tt0071877,$8 million[1],8,1,8000000
tt0249241,$8 million[5],8,1,8000000
tt0111693,"$8,000,000 (approximately)",8000000,1,8000000
tt2141773,$8 million[1],8,1,8000000
tt3956312,$8 million[1],8,1,8000000
tt3321300,$8 million[1],8,1,8000000
tt0278675,US$8 million,8,1,8000000
tt0424823,$8 million[2],8,1,8000000
tt0096101,$8 million[1],8,1,8000000
tt0094006,$8 million[5],8,1,8000000
tt1787816,"$8,000,000 (approximately)",8000000,1,8000000
tt2101383,$8 million[1],8,1,8000000
tt0098442,$8 million[1],8,1,8000000
tt0396271,$8 million[1],8,1,8000000
tt0077696,US$8 million,8,1,8000000
tt0936471,$8 million[2],8,1,8000000
tt0065225,$8 million[1],8,1,8000000
tt4085084,$8 million[5],8,1,8000000
tt2238050,"$8,000,000 (approximately)",8000000,1,8000000
tt1844048,$8 million[1],8,1,8000000
tt0497137,$8 million[1],8,1,8000000
tt0106535,$8 million[1],8,1,8000000
tt0117038,US$8 million,8,1,8000000
tt4851630,$8 million[2],8,1,8000000
tt0088765,$8 million[1],8,1,8000000
tt0230169,$8 million[5],8,1,8000000
tt2011971,"$8,000,000 (approximately)",8000000,1,8000000
tt0330702,$8 million[1],8,1,8000000
tt1259014,$8 million[1],8,1,8000000
tt0402894,$8 million[1],8,1,8000000
tt0061473,US$8 million,8,1,8000000
tt0081207,$8 million[2],8,1,8000000
tt0088330,$8 million[1],8,1,8000000
tt0137386,$8 million[5],8,1,8000000
tt3236120,"$8,000,000 (approximately)",8000000,1,8000000
tt0287635,$8.4 million,8.4,1,8400000
tt0477323,$8.4 million,8.4,1,8400000
tt0145653,$8.4 million,8.4,1,8400000
tt0083906,$8.4 million,8.4,1,8400000
tt0110518,$8.4 million,8.4,1,8400000
tt0098061,$8.5 million,8.5,1,8500000
tt3704050,$8.5 million[1],8.5,1,8500000
tt1853739,$8.5 million[1],8.5,1,8500000
tt0066927,$8.5 million,8.5,1,8500000
tt0103747,$8.5 million,8.5,1,8500000
tt0110604,$8.5 million[1],8.5,1,8500000
tt0086104,$8.5 million[1],8.5,1,8500000
tt0070355,$8.5 million,8.5,1,8500000
tt2212008,$8.5 million,8.5,1,8500000
tt0093754,$8.5 million[1],8.5,1,8500000
tt0796368,$8.5 million[1],8.5,1,8500000
tt0097372,$8.5 million,8.5,1,8500000
tt0108065,$8.5 million,8.5,1,8500000
tt0104346,$8.5 million[1],8.5,1,8500000
tt0405699,$8.5 million[1],8.5,1,8500000
tt0104265,$8.5 million,8.5,1,8500000
tt0110455,$8.5 million,8.5,1,8500000
tt4272866,$8.5 million[1],8.5,1,8500000
tt0108207,$8.5 million[1],8.5,1,8500000
tt1112115,$8.5 million,8.5,1,8500000
tt0099327,$8.5 million,8.5,1,8500000
tt4266638,$8.5 million[1],8.5,1,8500000
tt2105044,"$9,000,000 ",9000000,1,9000000
tt0476991,$9 million,9,1,9000000
tt0986233,$9 million[1],9,1,9000000
tt0089572,$9 million,9,1,9000000
tt0091326,$9 million[1],9,1,9000000
tt0090060,$9 million[3],9,1,9000000
tt2049586,$9 million[2],9,1,9000000
tt0160298,$9 million[1],9,1,9000000
tt0183659,$9 million,9,1,9000000
tt2375574,$9 million[1] or $13 million[2],9,1,9000000
tt1638979,$9 million[1],9,1,9000000
tt0093176,$9 million[2],9,1,9000000
tt2415458,$9 million,9,1,9000000
tt0085514,$9 million[2],9,1,9000000
tt0094072,$9 million[1],9,1,9000000
tt0093145,"$9,000,000 ",9000000,1,9000000
tt0099342,$9 million,9,1,9000000
tt0048028,$9 million[1],9,1,9000000
tt0113537,$9 million,9,1,9000000
tt0432289,$9 million[1],9,1,9000000
tt0340468,$9 million[3],9,1,9000000
tt0099994,$9 million[2],9,1,9000000
tt0073075,$9 million[1],9,1,9000000
tt0458367,$9 million,9,1,9000000
tt0107501,$9 million[1] or $13 million[2],9,1,9000000
tt2872462,$9 million[1],9,1,9000000
tt2832470,$9 million[2],9,1,9000000
tt1821641,$9 million,9,1,9000000
tt0499603,$9 million[2],9,1,9000000
tt0131461,$9 million[1],9,1,9000000
tt0086301,"$9,000,000 ",9000000,1,9000000
tt0903135,$9 million,9,1,9000000
tt0114084,$9 million[1],9,1,9000000
tt3322892,$9 million,9,1,9000000
tt0364343,$9 million[1],9,1,9000000
tt1638353,$9 million[3],9,1,9000000
tt2103264,$9 million[2],9,1,9000000
tt0437777,$9 million[1],9,1,9000000
tt2461520,$9 million,9,1,9000000
tt0075999,$9 million[1] or $13 million[2],9,1,9000000
tt0285727,$9 million[1],9,1,9000000
tt0095801,$9 million[2],9,1,9000000
tt0119809,$9 million,9,1,9000000
tt0089385,$9 million[2],9,1,9000000
tt0881909,$9 million[1],9,1,9000000
tt2509850,"$9,000,000 ",9000000,1,9000000
tt0094712,$9 million,9,1,9000000
tt2920808,$9 million[1],9,1,9000000
tt2097298,$9 million,9,1,9000000
tt0243017,$9 million[1],9,1,9000000
tt0856052,$9 million[3],9,1,9000000
tt1664894,$9 million[2],9,1,9000000
tt0271668,$9 million[1],9,1,9000000
tt2884206,$9 million,9,1,9000000
tt0102178,$9 million[1] or $13 million[2],9,1,9000000
tt2334649,$9 million[1],9,1,9000000
tt3086582,$9 million[2],9,1,9000000
tt0099204,$9 million,9,1,9000000
tt0342167,$9 million[2],9,1,9000000
tt1441326,$9 million[1],9,1,9000000
tt0443456,"$9,000,000 ",9000000,1,9000000
tt0109206,$9 million,9,1,9000000
tt3702652,$9 million[1],9,1,9000000
tt1316622,$9 million,9,1,9000000
tt0090180,$9 million[1],9,1,9000000
tt4191054,$9 million[3],9,1,9000000
tt1937133,$9 million[2],9,1,9000000
tt4428788,$9 million[1],9,1,9000000
tt0097328,$9 million,9,1,9000000
tt0138537,$9 million[1] or $13 million[2],9,1,9000000
tt0029453,$9 million[1],9,1,9000000
tt2309224,$9 million[2],9,1,9000000
tt0063850,$9 million,9,1,9000000
tt1673702,$9 million[2],9,1,9000000
tt0249380,$9 million[1],9,1,9000000
tt2205697,"$9,000,000 ",9000000,1,9000000
tt0390538,$9 million,9,1,9000000
tt0100946,$9 million[1],9,1,9000000
tt0120481,$9 million,9,1,9000000
tt2140619,$9 million[1],9,1,9000000
tt1073654,$9 million[3],9,1,9000000
tt0060125,$9 million[2],9,1,9000000
tt0095800,$9 million[1],9,1,9000000
tt0433400,$9 million,9,1,9000000
tt0095145,$9 million[1] or $13 million[2],9,1,9000000
tt0096184,$9 million[1],9,1,9000000
tt0108186,$10 million[1],10,1,10000000
tt1082009,"$10,000,000 ",10000000,1,10000000
tt0118762,$10 million,10,1,10000000
tt0094792,$10 million[2],10,1,10000000
tt0047400,$10 million[3],10,1,10000000
tt0082009,$10-13 million[2][3],10,1,10000000
tt0108442,$10 million,10,1,10000000
tt0061927,$10 million,10,1,10000000
tt0096029,Less than $10 million[1],10,1,10000000
tt3729920,$10 million,10,1,10000000
tt0352343,$10 million,10,1,10000000
tt2258345,$10 million,10,1,10000000
tt1020530,$10 million[1],10,1,10000000
tt0412922,"$10,000,000 ",10000000,1,10000000
tt0105428,$10 million,10,1,10000000
tt2388637,$10 million[2],10,1,10000000
tt0144134,$10 million[3],10,1,10000000
tt0084237,$10-13 million[2][3],10,1,10000000
tt0081163,$10 million,10,1,10000000
tt0860906,$10 million,10,1,10000000
tt0072288,Less than $10 million[1],10,1,10000000
tt0271582,$10 million,10,1,10000000
tt3174376,$10 million,10,1,10000000
tt0105287,$10 million,10,1,10000000
tt0088915,$10 million[1],10,1,10000000
tt0091670,"$10,000,000 ",10000000,1,10000000
tt0108526,$10 million,10,1,10000000
tt0076095,$10 million[2],10,1,10000000
tt0061595,$10 million[3],10,1,10000000
tt0377084,$10-13 million[2][3],10,1,10000000
tt1287878,$10 million,10,1,10000000
tt0119723,$10 million,10,1,10000000
tt3257582,Less than $10 million[1],10,1,10000000
tt0065234,$10 million,10,1,10000000
tt0497986,$10 million,10,1,10000000
tt0104225,$10 million,10,1,10000000
tt1683526,$10 million[1],10,1,10000000
tt0841032,"$10,000,000 ",10000000,1,10000000
tt0089470,$10 million,10,1,10000000
tt1291570,$10 million[2],10,1,10000000
tt4795124,$10 million[3],10,1,10000000
tt0402057,$10-13 million[2][3],10,1,10000000
tt1645131,$10 million,10,1,10000000
tt1000769,$10 million,10,1,10000000
tt1124039,Less than $10 million[1],10,1,10000000
tt0337868,$10 million,10,1,10000000
tt1267498,$10 million,10,1,10000000
tt0096426,$10 million,10,1,10000000
tt0113729,$10 million[1],10,1,10000000
tt0084814,"$10,000,000 ",10000000,1,10000000
tt0098384,$10 million,10,1,10000000
tt0101811,$10 million[2],10,1,10000000
tt3675748,$10 million[3],10,1,10000000
tt1232106,$10-13 million[2][3],10,1,10000000
tt0109450,$10 million,10,1,10000000
tt2126403,$10 million,10,1,10000000
tt1535110,Less than $10 million[1],10,1,10000000
tt0108037,$10 million,10,1,10000000
tt0117883,$10 million,10,1,10000000
tt0110442,$10 million,10,1,10000000
tt0451070,$10 million[1],10,1,10000000
tt0105046,"$10,000,000 ",10000000,1,10000000
tt4726636,$10 million,10,1,10000000
tt0091637,$10 million[2],10,1,10000000
tt0085334,$10 million[3],10,1,10000000
tt0090738,$10-13 million[2][3],10,1,10000000
tt0096037,$10 million,10,1,10000000
tt0847897,¥1.15 billion($10.5 million),10.5,1,10500000
tt0083449,¥1.15 billion($10.5 million),10.5,1,10500000
tt0810827,¥1.15 billion($10.5 million),10.5,1,10500000
tt1872818,¥1.15 billion($10.5 million),10.5,1,10500000
tt0361498,¥1.15 billion($10.5 million),10.5,1,10500000
tt0044741,$10.6 million[2],10.6,1,10600000
tt1810697,$10.6 million [2],10.6,1,10600000
tt0460892,$10.6 million[2],10.6,1,10600000
tt1904937,$10.6 million [2],10.6,1,10600000
tt2231138,$10.6 million[2],10.6,1,10600000
tt0075718,$10.6 million [2],10.6,1,10600000
tt0110366,$10.6 million[2],10.6,1,10600000
tt3395184,$10.6 million [2],10.6,1,10600000
tt2371834,$10.6 million[2],10.6,1,10600000
tt3587128,$10.6 million [2],10.6,1,10600000
tt0301893,$10.6 million[2],10.6,1,10600000
tt0264578,$11 million[1],11,1,11000000
tt1743720,$11 million,11,1,11000000
tt0078163,$11 million[1],11,1,11000000
tt0107209,$11 million,11,1,11000000
tt4291600,$11 million[1],11,1,11000000
tt4768764,$11 million,11,1,11000000
tt0449851,$11 million[1],11,1,11000000
tt2473602,$11 million,11,1,11000000
tt3168230,$11 million[1],11,1,11000000
tt0097527,$11 million,11,1,11000000
tt0080716,$11 million[1],11,1,11000000
tt4846232,$11 million,11,1,11000000
tt1598642,$11 million[1],11,1,11000000
tt0787523,$11 million,11,1,11000000
tt1426362,$11 million[1],11,1,11000000
tt0242193,$11 million,11,1,11000000
tt0096171,$11 million[1],11,1,11000000
tt1313139,$11 million,11,1,11000000
tt0108592,$11 million[1],11,1,11000000
tt0150433,$11 million,11,1,11000000
tt1045670,$11 million[1],11,1,11000000
tt0838192,$11 million,11,1,11000000
tt0203408,$11 million[1],11,1,11000000
tt2710368,$12 million[1],12,1,12000000
tt0109098,$12 million,12,1,12000000
tt2465140,$12 million,12,1,12000000
tt2392326,$12 million[2][3],12,1,12000000
tt0118900,$12 million,12,1,12000000
tt1474276,$12 million,12,1,12000000
tt0113321,$12 million,12,1,12000000
tt3471098,$12 million[1],12,1,12000000
tt0119107,$12 million[1],12,1,12000000
tt0094082,$12 million[2],12,1,12000000
tt0841119,$12 million[3],12,1,12000000
tt0087751,$12 million[1],12,1,12000000
tt0101765,$12 million,12,1,12000000
tt0091159,$12-15 million[2],12,1,12000000
tt1286821,$12 million,12,1,12000000
tt0088224,$12 million,12,1,12000000
tt0086355,$12 million[1],12,1,12000000
tt0084434,$12 million,12,1,12000000
tt0111218,$12 million[1],12,1,12000000
tt1687281,$12 million[1],12,1,12000000
tt0088979,$12 million,12,1,12000000
tt0113613,$12 million,12,1,12000000
tt3165612,$12 million[2][3],12,1,12000000
tt0204640,$12 million,12,1,12000000
tt0094594,$12 million,12,1,12000000
tt1128071,$12 million,12,1,12000000
tt0090036,$12 million[1],12,1,12000000
tt5896962,$12 million[1],12,1,12000000
tt0143261,$12 million[2],12,1,12000000
tt2150332,$12 million[3],12,1,12000000
tt3139086,$12 million[1],12,1,12000000
tt5168192,$12 million,12,1,12000000
tt3319920,$12-15 million[2],12,1,12000000
tt0113305,$12 million,12,1,12000000
tt0120836,$12 million,12,1,12000000
tt4425064,$12 million[1],12,1,12000000
tt3043630,$12 million,12,1,12000000
tt0089670,$12 million[1],12,1,12000000
tt0183869,$12 million[1],12,1,12000000
tt0488120,$12 million,12,1,12000000
tt0110527,$12 million,12,1,12000000
tt1619037,$12 million[2][3],12,1,12000000
tt1708135,$12 million,12,1,12000000
tt0492466,$12 million,12,1,12000000
tt0079522,$12 million,12,1,12000000
tt0118556,$12 million[1],12,1,12000000
tt0460791,$12 million[1],12,1,12000000
tt0305206,$12 million[2],12,1,12000000
tt2207050,$12 million[3],12,1,12000000
tt0415833,$12 million[1],12,1,12000000
tt2714900,$12 million,12,1,12000000
tt0077504,$12-15 million[2],12,1,12000000
tt1715873,$12 million,12,1,12000000
tt0109936,$12 million,12,1,12000000
tt0096018,$12 million[1],12,1,12000000
tt0102722,$12 million,12,1,12000000
tt0105415,$12 million[1],12,1,12000000
tt0388125,$12 million[1],12,1,12000000
tt0092216,$12 million,12,1,12000000
tt1155592,$12 million,12,1,12000000
tt0107007,$12 million[2][3],12,1,12000000
tt0401997,$12 million,12,1,12000000
tt0120576,$12 million,12,1,12000000
tt1716772,$12 million,12,1,12000000
tt1536374,$12 million[1],12,1,12000000
tt0428196,$12 million[1],12,1,12000000
tt0102913,$12 million[2],12,1,12000000
tt4680182,$12 million[3],12,1,12000000
tt0093565,$12 million[1],12,1,12000000
tt0097438,$12 million,12,1,12000000
tt1503774,$12-15 million[2],12,1,12000000
tt1480658,$12 million,12,1,12000000
tt3667798,$12 million,12,1,12000000
tt2714380,$12 million[1],12,1,12000000
tt0119683,$12 million,12,1,12000000
tt0107529,$12 million[1],12,1,12000000
tt1084972,$12 million[1],12,1,12000000
tt0100301,$12 million,12,1,12000000
tt0062137,$12 million,12,1,12000000
tt1311060,$12 million[2][3],12,1,12000000
tt0070723,$12 million,12,1,12000000
tt5023260,$12 million,12,1,12000000
tt0084786,$12 million,12,1,12000000
tt0464141,$12 million[1],12,1,12000000
tt1614989,$12 million[1],12,1,12000000
tt1549571,$12 million[2],12,1,12000000
tt2064728,$12 million[3],12,1,12000000
tt0843358,$12 million[1],12,1,12000000
tt0382631,$12 million,12,1,12000000
tt0083960,$12-15 million[2],12,1,12000000
tt3416744,$12 million,12,1,12000000
tt0080798,$12 million,12,1,12000000
tt0101329,$12 million[1],12,1,12000000
tt0107969,$12 million,12,1,12000000
tt0047472,$12 million[1],12,1,12000000
tt0027040,$12 million[1],12,1,12000000
tt1047494,$12 million,12,1,12000000
tt0098369,$12 million,12,1,12000000
tt0815245,$12 million[2][3],12,1,12000000
tt0477095,$12 million,12,1,12000000
tt0085551,$12 million,12,1,12000000
tt1680114,$12 million,12,1,12000000
tt3544082,$12 million[1],12,1,12000000
tt0142371,$12 million[1],12,1,12000000
tt0090735,$12 million[2],12,1,12000000
tt0115669,$12 million[3],12,1,12000000
tt0083911,$12 million[1],12,1,12000000
tt1221208,$12 million,12,1,12000000
tt0986213,$12-15 million[2],12,1,12000000
tt0117677,$12 million,12,1,12000000
tt2076220,$12.5 million[1],12.5,1,12500000
tt0104114,$12.5 million[1],12.5,1,12500000
tt0113394,$12.5 million[1],12.5,1,12500000
tt0436639,$12.5 million[1],12.5,1,12500000
tt0050783,$12.5 million[1],12.5,1,12500000
tt2380331,$12.5 million[1],12.5,1,12500000
tt0374271,US$12.8 million,12.8,1,12800000
tt2265398,US$12.8 million,12.8,1,12800000
tt0065126,US$12.8 million,12.8,1,12800000
tt0086494,US$12.8 million,12.8,1,12800000
tt5323662,US$12.8 million,12.8,1,12800000
tt0314412,US$12.8 million,12.8,1,12800000
tt0119099,$13 million,13,1,13000000
tt3060492,$13 million,13,1,13000000
tt0123324,$13 million[6],13,1,13000000
tt4085944,$13 million[2],13,1,13000000
tt0102368,$13 million,13,1,13000000
tt0090203,$13 million,13,1,13000000
tt1164999,$13 million[6],13,1,13000000
tt0138590,$13 million[2],13,1,13000000
tt0053779,$13 million,13,1,13000000
tt2910274,$13 million,13,1,13000000
tt0332712,$13 million[6],13,1,13000000
tt1864288,$13 million[2],13,1,13000000
tt0832903,$13 million,13,1,13000000
tt0119731,$13 million,13,1,13000000
tt0097276,$13 million[6],13,1,13000000
tt0058534,$13 million[2],13,1,13000000
tt0473064,$13 million,13,1,13000000
tt0080736,$13 million,13,1,13000000
tt1521848,$13 million[6],13,1,13000000
tt0197384,$13 million[2],13,1,13000000
tt6273862,$13 million,13,1,13000000
tt2511428,$13 million,13,1,13000000
tt1067733,$13 million[6],13,1,13000000
tt0079891,$13 million[2],13,1,13000000
tt1687277,$14 million[2],14,1,14000000
tt0094846,$14 million,14,1,14000000
tt0096945,$14 million,14,1,14000000
tt0430779,$14 million,14,1,14000000
tt4769824,$14 million[2],14,1,14000000
tt0369738,$14 million,14,1,14000000
tt0022879,$14 million,14,1,14000000
tt1729637,$14 million,14,1,14000000
tt0148462,$14 million[2],14,1,14000000
tt0101725,$14 million,14,1,14000000
tt0094138,$14 million,14,1,14000000
tt0105265,$14 million,14,1,14000000
tt2315582,$14 million[2],14,1,14000000
tt0493459,$14 million,14,1,14000000
tt0077838,$14 million,14,1,14000000
tt1828995,$14 million,14,1,14000000
tt0094597,$14 million[2],14,1,14000000
tt1023441,$14 million,14,1,14000000
tt0213203,$14 million,14,1,14000000
tt1854513,$14 million,14,1,14000000
tt0089118,$14 million[2],14,1,14000000
tt5595168,$14 million,14,1,14000000
tt0342882,$14 million,14,1,14000000
tt1754811,$14 million,14,1,14000000
tt0098260,US$14.1 million (<U+20A9>15.2 billion),14.1,1,14100000
tt0172627,US$14.1 million (<U+20A9>15.2 billion),14.1,1,14100000
tt0084690,US$14.1 million (<U+20A9>15.2 billion),14.1,1,14100000
tt2083379,US$14.1 million (<U+20A9>15.2 billion),14.1,1,14100000
tt1714866,US$14.1 million (<U+20A9>15.2 billion),14.1,1,14100000
tt0814075,US$14.1 million (<U+20A9>15.2 billion),14.1,1,14100000
tt3477064,$15 million,15,1,15000000
tt0099656,$15 million,15,1,15000000
tt0093223,$14.5–$15 million[1],15,1,15000000
tt0277941,$15 million[1],15,1,15000000
tt1824254,$15 million,15,1,15000000
tt0133385,$15 million[1],15,1,15000000
tt0090576,$15 million[1][2],15,1,15000000
tt5213534,$15 million[citation needed],15,1,15000000
tt0023427,$15 million[1],15,1,15000000
tt1251725,$15 million[citation needed],15,1,15000000
tt0083922,$15 million,15,1,15000000
tt0100475,$15 million[1],15,1,15000000
tt0109045,$15 million[citation needed],15,1,15000000
tt0798817,$15 million[1],15,1,15000000
tt1680059,$15 million[1],15,1,15000000
tt2974918,$15 million[2],15,1,15000000
tt0113198,$15 million[1],15,1,15000000
tt0443584,$15 million[1],15,1,15000000
tt0116762,$15 million[4],15,1,15000000
tt2175927,$15 million,15,1,15000000
tt1600524,$15 million,15,1,15000000
tt0094884,$14.5–$15 million[1],15,1,15000000
tt0184791,$15 million[1],15,1,15000000
tt0085672,$15 million,15,1,15000000
tt0041959,$15 million[1],15,1,15000000
tt0775440,$15 million[1][2],15,1,15000000
tt0841044,$15 million[citation needed],15,1,15000000
tt0086508,$15 million[1],15,1,15000000
tt0092948,$15 million[citation needed],15,1,15000000
tt1825157,$15 million,15,1,15000000
tt1277936,$15 million[1],15,1,15000000
tt0379217,$15 million[citation needed],15,1,15000000
tt1437235,$15 million[1],15,1,15000000
tt0101606,$15 million[1],15,1,15000000
tt0099460,$15 million[2],15,1,15000000
tt0120765,$15 million[1],15,1,15000000
tt0339230,$15 million[1],15,1,15000000
tt1278379,$15 million[4],15,1,15000000
tt0080554,$15 million,15,1,15000000
tt0305396,$15 million,15,1,15000000
tt0489282,$14.5–$15 million[1],15,1,15000000
tt0111477,$15 million[1],15,1,15000000
tt0092656,$15 million,15,1,15000000
tt1226251,$15 million[1],15,1,15000000
tt1312254,$15 million[1][2],15,1,15000000
tt0101669,$15 million[citation needed],15,1,15000000
tt2055765,$15 million[1],15,1,15000000
tt1674775,$15 million[citation needed],15,1,15000000
tt1183911,$15 million,15,1,15000000
tt1621444,$15 million[1],15,1,15000000
tt2118775,$15 million[citation needed],15,1,15000000
tt0368909,$15 million[1],15,1,15000000
tt0851578,$15 million[1],15,1,15000000
tt3784652,$15 million[2],15,1,15000000
tt0116000,$15 million[1],15,1,15000000
tt0085475,$15 million[1],15,1,15000000
tt2733258,$15 million[4],15,1,15000000
tt0339147,$15 million,15,1,15000000
tt0323572,$15 million,15,1,15000000
tt0078158,$14.5–$15 million[1],15,1,15000000
tt1196956,$15 million[1],15,1,15000000
tt0116790,$15 million,15,1,15000000
tt0844457,$15 million[1],15,1,15000000
tt3026488,$15 million[1][2],15,1,15000000
tt0090886,$15 million[citation needed],15,1,15000000
tt5315110,$15 million[1],15,1,15000000
tt2261331,$15 million[citation needed],15,1,15000000
tt2349144,$15 million,15,1,15000000
tt0155711,$15 million[1],15,1,15000000
tt0086374,$15 million[citation needed],15,1,15000000
tt1114277,$15 million[1],15,1,15000000
tt3717016,$15 million[1],15,1,15000000
tt0314871,$15 million[2],15,1,15000000
tt0094669,$15 million[1],15,1,15000000
tt2244901,$15 million[1],15,1,15000000
tt1839654,$15 million[4],15,1,15000000
tt0105629,$15 million,15,1,15000000
tt0821640,$15 million,15,1,15000000
tt0103640,$14.5–$15 million[1],15,1,15000000
tt3660370,$15 million[1],15,1,15000000
tt0342300,$15 million,15,1,15000000
tt0095736,$15 million[1],15,1,15000000
tt0082351,$15 million[1][2],15,1,15000000
tt4337072,$15 million[citation needed],15,1,15000000
tt0796302,$15 million[1],15,1,15000000
tt0077438,$15 million[citation needed],15,1,15000000
tt0119780,$15 million,15,1,15000000
tt1836808,$15 million[1],15,1,15000000
tt2567712,$15 million[citation needed],15,1,15000000
tt3338268,$15 million[1],15,1,15000000
tt1185431,$15 million[1],15,1,15000000
tt1540741,$15 million[2],15,1,15000000
tt0101898,$15 million[1],15,1,15000000
tt0376717,$15 million[1],15,1,15000000
tt0065775,$15 million[4],15,1,15000000
tt2272336,$15 million,15,1,15000000
tt0102045,$15 million,15,1,15000000
tt1907731,$14.5–$15 million[1],15,1,15000000
tt0048956,$15 million[1],15,1,15000000
tt1379228,$15 million,15,1,15000000
tt1416801,$15 million[1],15,1,15000000
tt0822849,$15 million[1][2],15,1,15000000
tt3534282,$15 million[citation needed],15,1,15000000
tt2296935,$15 million[1],15,1,15000000
tt0099528,$15 million[citation needed],15,1,15000000
tt1703148,$15 million,15,1,15000000
tt3264102,$15 million[1],15,1,15000000
tt0043350,$15 million[citation needed],15,1,15000000
tt0123923,$15 million[1],15,1,15000000
tt4193400,$15 million[1],15,1,15000000
tt0293832,$15 million[2],15,1,15000000
tt2611390,$15.5 million[2],15.5,1,15500000
tt0093073,$15.5 million[2],15.5,1,15500000
tt0092983,$15.5 million[2],15.5,1,15500000
tt0117924,$15.5 million[2],15.5,1,15500000
tt0857265,$15.5 million[2],15.5,1,15500000
tt2133196,$16 million[1],16,1,16000000
tt2604346,$16 million[1],16,1,16000000
tt0069442,$16 million[1],16,1,16000000
tt1815852,$16 million[1],16,1,16000000
tt1517177,$16 million[1],16,1,16000000
tt0094332,$16 million[1],16,1,16000000
tt0085867,$16 million[1],16,1,16000000
tt1740047,$16 million[1],16,1,16000000
tt0082416,$16 million[1],16,1,16000000
tt0079367,$16 million[1],16,1,16000000
tt0472198,$16 million[1],16,1,16000000
tt0097100,$17 million[1],17,1,17000000
tt1161443,$17 million[1],17,1,17000000
tt0120032,$17 million[1],17,1,17000000
tt0097074,$17 million[1],17,1,17000000
tt0079640,$17 million[1],17,1,17000000
tt0065486,$17 million[1],17,1,17000000
tt0119346,$17 million[1],17,1,17000000
tt0430916,$17 million[1],17,1,17000000
tt0093405,$17 million[1],17,1,17000000
tt1186370,$17 million[1],17,1,17000000
tt5923962,$17 million[1],17,1,17000000
tt0093418,$17 million[1],17,1,17000000
tt1512685,$17 million[1],17,1,17000000
tt0087365,$17 million[1],17,1,17000000
tt0116531,$17 million[1],17,1,17000000
tt0097991,$17 million[1],17,1,17000000
tt1137481,$17 million[1],17,1,17000000
tt0460810,$17.5 million[1],17.5,1,17500000
tt0090098,$17.5 million,17.5,1,17500000
tt0104756,$17.5 million[1],17.5,1,17500000
tt0370986,$17.5 million,17.5,1,17500000
tt0477392,$17.5 million[1],17.5,1,17500000
tt1562899,$17.5 million,17.5,1,17500000
tt2475794,$17.5 million[1],17.5,1,17500000
tt0089981,$17.5 million,17.5,1,17500000
tt0109303,$17.5 million[1],17.5,1,17500000
tt0499570,$17.5 million,17.5,1,17500000
tt2656588,$17.5 million[1],17.5,1,17500000
tt0085809,$18 million,18,1,18000000
tt0118172,$18 million,18,1,18000000
tt0376127,$18 million[1],18,1,18000000
tt0089601,$18 million[1],18,1,18000000
tt0110892,"$18,000,000 (estimated)",18000000,1,18000000
tt0091799,$18 million,18,1,18000000
tt0117364,$18 million,18,1,18000000
tt0488870,$18 million[1],18,1,18000000
tt0107685,$18 million[1],18,1,18000000
tt4428814,"$18,000,000 (estimated)",18000000,1,18000000
tt1707380,$18 million,18,1,18000000
tt0118663,$18 million,18,1,18000000
tt0110076,$18 million[1],18,1,18000000
tt3674140,$18 million[1],18,1,18000000
tt1159961,"$18,000,000 (estimated)",18000000,1,18000000
tt0112749,$18 million,18,1,18000000
tt0114702,$18 million,18,1,18000000
tt2493486,$18 million[1],18,1,18000000
tt0456396,$18 million[1],18,1,18000000
tt0086325,"$18,000,000 (estimated)",18000000,1,18000000
tt0155722,$18 million,18,1,18000000
tt0426459,$18 million,18,1,18000000
tt1462411,$18 million[1],18,1,18000000
tt1720616,$18 million[1],18,1,18000000
tt2282849,"$18,000,000 (estimated)",18000000,1,18000000
tt0200071,$18 million,18,1,18000000
tt2215395,$18 million,18,1,18000000
tt4080728,$18 million[1],18,1,18000000
tt0402906,$19 million,19,1,19000000
tt0468528,$19 million,19,1,19000000
tt0833448,$19 million,19,1,19000000
tt4185572,$19 million,19,1,19000000
tt1582248,$19 million,19,1,19000000
tt4079142,$19 million,19,1,19000000
tt0117110,$20 million,20,1,20000000
tt2569398,$20 million[2],20,1,20000000
tt0109758,US$20 million[4],20,1,20000000
tt0096223,$20 million,20,1,20000000
tt0104926,$20 million[2],20,1,20000000
tt2178941,$20 million[2],20,1,20000000
tt0110722,$20 million[2],20,1,20000000
tt1503777,$20 million[2],20,1,20000000
tt0104283,$20 million,20,1,20000000
tt0061502,$20 million[2],20,1,20000000
tt0092493,US$20 million[4],20,1,20000000
tt1054580,$20 million,20,1,20000000
tt0107889,$20 million[2],20,1,20000000
tt0800027,$20 million[2],20,1,20000000
tt0116485,$20 million[2],20,1,20000000
tt0105691,$20 million[2],20,1,20000000
tt0291350,$20 million,20,1,20000000
tt1667903,$20 million[2],20,1,20000000
tt0331952,US$20 million[4],20,1,20000000
tt0120823,$20 million,20,1,20000000
tt0251191,$20 million[2],20,1,20000000
tt0095031,$20 million[2],20,1,20000000
tt0069697,$20 million[2],20,1,20000000
tt0411475,$20 million[2],20,1,20000000
tt2321163,$20 million,20,1,20000000
tt0211718,$20 million[2],20,1,20000000
tt0221799,US$20 million[4],20,1,20000000
tt0416991,$20 million,20,1,20000000
tt0458455,$20 million[2],20,1,20000000
tt3660770,$20 million[2],20,1,20000000
tt0105435,$20 million[2],20,1,20000000
tt1234654,$20 million[2],20,1,20000000
tt0110091,$20 million,20,1,20000000
tt1612782,$20 million[2],20,1,20000000
tt0221073,US$20 million[4],20,1,20000000
tt0092850,$20 million,20,1,20000000
tt0101912,$20 million[2],20,1,20000000
tt3425034,$20 million[2],20,1,20000000
tt1405365,$20 million[2],20,1,20000000
tt1523483,$20 million[2],20,1,20000000
tt0062472,$20 million,20,1,20000000
tt1610301,$20 million[2],20,1,20000000
tt0116594,US$20 million[4],20,1,20000000
tt4411596,$20 million,20,1,20000000
tt0097244,$20 million[2],20,1,20000000
tt0090206,$20 million[2],20,1,20000000
tt4429128,$21 million[2],21,1,21000000
tt0098557,$21 million[2],21,1,21000000
tt0097782,$21 million[2],21,1,21000000
tt1148165,$21 million[2],21,1,21000000
tt1772925,$21 million[2],21,1,21000000
tt0106500,US$22 million[1],22,1,22000000
tt0078034,US$22 million[1],22,1,22000000
tt3416742,US$22 million[1],22,1,22000000
tt0104804,US$22 million[1],22,1,22000000
tt1161064,US$22 million[1],22,1,22000000
tt0082089,US$22 million[1],22,1,22000000
tt0475783,$23 million,23,1,23000000
tt2784512,$23 million,23,1,23000000
tt2008006,$23 million,23,1,23000000
tt1477855,$23 million,23,1,23000000
tt0088794,$23 million,23,1,23000000
tt3169706,$23 million,23,1,23000000
tt0089695,$23 million,23,1,23000000
tt2545118,$23 million,23,1,23000000
tt0087482,$23 million,23,1,23000000
tt0486585,$23 million,23,1,23000000
tt2101341,$23 million,23,1,23000000
tt1323045,$24 million[2],24,1,24000000
tt2024519,$24 million[2],24,1,24000000
tt1971352,$24 million[2],24,1,24000000
tt0107468,$24 million[2],24,1,24000000
tt1373156,$24 million[2],24,1,24000000
tt1176251,$24 million[2],24,1,24000000
tt2852400,$25 million[3],25,1,25000000
tt1290138,$25 million,25,1,25000000
tt0103786,$25 million,25,1,25000000
tt2475802,$25 million[1],25,1,25000000
tt0368222,$25 million[2],25,1,25000000
tt0041996,$25 million[2][3],25,1,25000000
tt1884457,$25 million[6],25,1,25000000
tt2402085,$25 million[1],25,1,25000000
tt2140577,$25 million[1],25,1,25000000
tt1792647,$25 million[1],25,1,25000000
tt3317522,$25 million,25,1,25000000
tt0084675,$25 million[3],25,1,25000000
tt0787524,$25 million,25,1,25000000
tt4273886,$25 million,25,1,25000000
tt2273657,$25 million[1],25,1,25000000
tt0399327,$25 million[2],25,1,25000000
tt0364961,$25 million[2][3],25,1,25000000
tt0053221,$25 million[6],25,1,25000000
tt0476805,$25 million[1],25,1,25000000
tt0110889,$25 million[1],25,1,25000000
tt0857191,$25 million[1],25,1,25000000
tt0072926,$25 million,25,1,25000000
tt0120793,$25 million[3],25,1,25000000
tt0095765,$25 million,25,1,25000000
tt1649780,$25 million,25,1,25000000
tt0113448,$25 million[1],25,1,25000000
tt0100211,$25 million[2],25,1,25000000
tt0482930,$25 million[2][3],25,1,25000000
tt0090315,$25 million[6],25,1,25000000
tt0103112,$25 million[1],25,1,25000000
tt2094877,$25 million[1],25,1,25000000
tt5657028,$25 million[1],25,1,25000000
tt1802197,$25 million,25,1,25000000
tt0090556,$25 million[3],25,1,25000000
tt0489049,$25 million,25,1,25000000
tt0102095,$25 million,25,1,25000000
tt1417075,$25 million[1],25,1,25000000
tt0291579,$25 million[2],25,1,25000000
tt0104237,$25 million[2][3],25,1,25000000
tt3813310,$25 million[6],25,1,25000000
tt1518812,$25 million[1],25,1,25000000
tt0093886,$25 million[1],25,1,25000000
tt1959438,$25 million[1],25,1,25000000
tt0286917,$25 million,25,1,25000000
tt2115295,$25 million[3],25,1,25000000
tt0110729,$25 million,25,1,25000000
tt0299117,$25 million,25,1,25000000
tt0085615,$25 million[1],25,1,25000000
tt1530975,$25 million[2],25,1,25000000
tt0243604,$25 million[2][3],25,1,25000000
tt2274570,$25 million[6],25,1,25000000
tt0080117,$25 million[1],25,1,25000000
tt0108258,$25 million[1],25,1,25000000
tt0099768,$25 million[1],25,1,25000000
tt0120835,$25 million,25,1,25000000
tt0443473,$25 million[3],25,1,25000000
tt0109297,$25 million,25,1,25000000
tt0089560,$25 million,25,1,25000000
tt0390109,$25 million[1],25,1,25000000
tt0347618,$25 million[2],25,1,25000000
tt3090634,$25 million[2][3],25,1,25000000
tt0490084,$25 million[6],25,1,25000000
tt1817771,$25 million[1],25,1,25000000
tt0095362,$25 million[1],25,1,25000000
tt0079638,$25 million[1],25,1,25000000
tt0094318,$26 million,26,1,26000000
tt1178640,$26 million,26,1,26000000
tt0337578,$26 million,26,1,26000000
tt0109443,$26 million,26,1,26000000
tt1405500,$26 million,26,1,26000000
tt0096098,$26 million,26,1,26000000
tt0097179,$27 million[1],27,1,27000000
tt0101595,$27 million[3][4],27,1,27000000
tt0292506,$27 million[1],27,1,27000000
tt0091777,$27 million[3][4],27,1,27000000
tt0092641,$27 million[1],27,1,27000000
tt0093143,$27 million[3][4],27,1,27000000
tt1503776,$27 million[1],27,1,27000000
tt0092842,$27 million[3][4],27,1,27000000
tt0110044,$27 million[1],27,1,27000000
tt1720182,$27 million[3][4],27,1,27000000
tt0306734,$27 million[1],27,1,27000000
tt1334510,$27 million[3][4],27,1,27000000
tt1781769,$28.3 million,28.3,1,28300000
tt3399916,$28.3 million,28.3,1,28300000
tt3655522,$28.3 million,28.3,1,28300000
tt0106315,$28.3 million,28.3,1,28300000
tt0245280,$28.3 million,28.3,1,28300000
tt0102388,$28.3 million,28.3,1,28300000
tt2517044,$29 million[2],29,1,29000000
tt0091178,$29 million[1],29,1,29000000
tt0100631,$29 million[2],29,1,29000000
tt2992146,$29 million[1],29,1,29000000
tt0090904,$29 million[2],29,1,29000000
tt0099077,$29 million[1],29,1,29000000
tt0078841,$29 million[2],29,1,29000000
tt0240200,$29 million[1],29,1,29000000
tt0106393,$29 million[2],29,1,29000000
tt0437857,$29 million[1],29,1,29000000
tt0108451,$29 million[2],29,1,29000000
tt0491703,$29 million[1],29,1,29000000
tt0486946,$30 million,30,1,30000000
tt1340773,$30 million,30,1,30000000
tt0832266,$30 million,30,1,30000000
tt0090319,$30 million,30,1,30000000
tt1746153,$30 million[2],30,1,30000000
tt0077523,$30 million,30,1,30000000
tt2831404,$30 million[2],30,1,30000000
tt0082001,$30 million,30,1,30000000
tt2347569,$30 million,30,1,30000000
tt5529120,$30 million,30,1,30000000
tt0280491,$30 million,30,1,30000000
tt0081529,$30 million[2],30,1,30000000
tt0083630,$30 million,30,1,30000000
tt2324384,$30 million[2],30,1,30000000
tt0212380,$30 million,30,1,30000000
tt0047413,$30 million,30,1,30000000
tt1674057,$30 million,30,1,30000000
tt2347497,$30 million,30,1,30000000
tt0101301,$30 million[2],30,1,30000000
tt0119229,$30 million,30,1,30000000
tt0871510,$30 million[2],30,1,30000000
tt0092513,$30 million,30,1,30000000
tt0315459,$30 million,30,1,30000000
tt0076489,$30 million,30,1,30000000
tt0083006,$30 million,30,1,30000000
tt1727770,$30 million[2],30,1,30000000
tt0093986,$30 million,30,1,30000000
tt0093748,$30 million[2],30,1,30000000
tt0170811,$30 million,30,1,30000000
tt0115624,$30 million,30,1,30000000
tt3289956,$30 million,30,1,30000000
tt3626436,$30 million,30,1,30000000
tt0089222,$30 million[2],30,1,30000000
tt0101862,$30 million,30,1,30000000
tt1259998,$30 million[2],30,1,30000000
tt0071604,$30 million,30,1,30000000
tt0078199,$30 million,30,1,30000000
tt2390361,$30 million,30,1,30000000
tt0119586,$30 million,30,1,30000000
tt1380152,$31 million,31,1,31000000
tt0492486,$31 million[1],31,1,31000000
tt0072785,$31 million,31,1,31000000
tt0114663,$31 million[1],31,1,31000000
tt0097351,$31 million,31,1,31000000
tt0019195,$31 million[1],31,1,31000000
tt2197823,$31 million,31,1,31000000
tt0319531,$31 million[1],31,1,31000000
tt0084412,$31 million,31,1,31000000
tt1723120,$31 million[1],31,1,31000000
tt0077531,$31 million,31,1,31000000
tt3756788,$31 million[1],31,1,31000000
tt3297330,$32 million,32,1,32000000
tt0940709,$32 million,32,1,32000000
tt0052572,$32 million,32,1,32000000
tt1153053,$32 million,32,1,32000000
tt0841027,$32 million,32,1,32000000
tt0177888,$32 million,32,1,32000000
tt0056368,$32.6 million [1],32.6,1,32600000
tt3505712,$32.6 million [1],32.6,1,32600000
tt0070903,$32.6 million [1],32.6,1,32600000
tt1132193,$32.6 million [1],32.6,1,32600000
tt5157018,$32.6 million [1],32.6,1,32600000
tt0094764,$32.6 million [1],32.6,1,32600000
tt4466894,$34 million[3],34,1,34000000
tt1389127,$34 million[1],34,1,34000000
tt0331632,$34 million[3],34,1,34000000
tt2872750,$34 million[1],34,1,34000000
tt0094020,$34 million[3],34,1,34000000
tt3200980,$34 million[1],34,1,34000000
tt0913958,$34 million[3],34,1,34000000
tt1450328,$34 million[1],34,1,34000000
tt0109575,$34 million[3],34,1,34000000
tt0047162,$34 million[1],34,1,34000000
tt0085159,$34 million[3],34,1,34000000
tt0119004,$35 million[2],35,1,35000000
tt2866360,$35 million[2],35,1,35000000
tt0084714,$35 million[2],35,1,35000000
tt0115563,$35 million[2],35,1,35000000
tt0082334,$35 million[2],35,1,35000000
tt0447890,$35 million[2],35,1,35000000
tt1713476,$37.5 million,37.5,1,37500000
tt0103190,$37.5 million,37.5,1,37500000
tt2167970,$37.5 million,37.5,1,37500000
tt1456661,$37.5 million,37.5,1,37500000
tt0109198,$37.5 million,37.5,1,37500000
tt0077372,$40 million,40,1,40000000
tt0101343,$40-50 million[1],40,1,40000000
tt1063056,$40 million,40,1,40000000
tt0060315,$40 million,40,1,40000000
tt0426883,$40-50 million[1],40,1,40000000
tt0116587,$40 million,40,1,40000000
tt4218696,$40 million,40,1,40000000
tt0112625,$40-50 million[1],40,1,40000000
tt0118980,$40 million,40,1,40000000
tt1695765,$40 million,40,1,40000000
tt0111546,$40-50 million[1],40,1,40000000
tt0338216,$40 million,40,1,40000000
tt0095088,$40 million,40,1,40000000
tt2298384,$40-50 million[1],40,1,40000000
tt1334479,$40 million,40,1,40000000
tt3483712,$40 million,40,1,40000000
tt0157583,$40-50 million[1],40,1,40000000
tt0094321,$40 million,40,1,40000000
tt0093051,$42 million[2][3],42,1,42000000
tt0106387,$42 million[2][3],42,1,42000000
tt0116827,$42 million[2][3],42,1,42000000
tt0133189,$42 million[2][3],42,1,42000000
tt1212454,$42 million[2][3],42,1,42000000
tt4437216,$46 million[1],46,1,46000000
tt2331143,$46 million[1],46,1,46000000
tt0217788,$46 million[1],46,1,46000000
tt0103030,$46 million[1],46,1,46000000
tt0445620,$46 million[1],46,1,46000000
tt0097368,$46 million[1],46,1,46000000
tt1995390,$47 million[1],47,1,47000000
tt0058586,$47 million[1],47,1,47000000
tt0115509,$47 million[1],47,1,47000000
tt0400598,$47 million[1],47,1,47000000
tt2402985,$47 million[1],47,1,47000000
tt0200469,$50 million[1],50,1,50000000
tt0775566,$50 million[1],50,1,50000000
tt1459052,$50 million[1],50,1,50000000
tt0117887,$50 million[1],50,1,50000000
tt0092723,$50 million[1],50,1,50000000
tt0096180,$50 million[1],50,1,50000000
tt0100491,$50 million[1],50,1,50000000
tt0120190,$50 million[1],50,1,50000000
tt1349451,$50 million[1],50,1,50000000
tt1710417,$50 million[1],50,1,50000000
tt0059112,$50 million[1],50,1,50000000
tt3179568,$31 million[1] (equivalent to $51 million in 2018),51,1,31000000
tt1133617,$31 million[1] (equivalent to $51 million in 2018),51,1,31000000
tt3086442,$31 million[1] (equivalent to $51 million in 2018),51,1,31000000
tt3132094,$31 million[1] (equivalent to $51 million in 2018),51,1,31000000
tt0087175,$31 million[1] (equivalent to $51 million in 2018),51,1,31000000
tt0110557,$31 million[1] (equivalent to $51 million in 2018),51,1,31000000
tt1700845,$60 million,60,1,60000000
tt0092494,$60 million[3],60,1,60000000
tt3104818,$60 million,60,1,60000000
tt0021577,$60 million[3],60,1,60000000
tt0116552,$60 million,60,1,60000000
tt0120087,$60 million[3],60,1,60000000
tt0094921,$60 million,60,1,60000000
tt0948535,$60 million[3],60,1,60000000
tt0318034,$60 million,60,1,60000000
tt3129564,$60 million[3],60,1,60000000
tt0434124,$60 million,60,1,60000000
tt1440161,$65 million[1],65,1,65000000
tt1781840,$65 million[1],65,1,65000000
tt3893620,$65 million[1],65,1,65000000
tt4781612,$65 million[1],65,1,65000000
tt0085248,$65 million[1],65,1,65000000
tt2332518,$65 million[1],65,1,65000000
tt0102799,$70 million[2],70,1,70000000
tt2402105,$70 million[2],70,1,70000000
tt3344922,$70 million[2],70,1,70000000
tt2380247,$70 million[2],70,1,70000000
tt1485763,$70 million[2],70,1,70000000
tt0084867,$90 million[2],90,1,90000000
tt4449576,$90 million[2],90,1,90000000
tt0808331,$90 million[2],90,1,90000000
tt0374546,$90 million[2],90,1,90000000
tt1856053,$90 million[2],90,1,90000000
tt0072951,$90 million[2],90,1,90000000
tt2112096,"$800,000[1] or $1.4 million[2]",800000,1,800000
tt2064713,"$800,000[1] or $1.4 million[2]",800000,1,800000
tt0140796,"$800,000[1] or $1.4 million[2]",800000,1,800000
tt4630444,"$800,000[1] or $1.4 million[2]",800000,1,800000
tt0093220,"$800,000[1] or $1.4 million[2]",800000,1,800000
tt0093476,"$800,000[1] or $1.4 million[2]",800000,1,800000
